"Recording_ID","Genus","Specific_epithet","Subspecies","English_name","Recordist","Country","Locality","Latitude","Longitude","Vocalization_type","Audio_file","License","Url","Quality","Time","Date","Altitude","file.name","Spectrogram_small","Spectrogram_med","Spectrogram_large","Spectrogram_full","Length","Uploaded","Other_species","Remarks","Bird_seen","Playback_used","Other_species1","Other_species2","Other_species3","Other_species4","Other_species5","Other_species6","Other_species7","Other_species8","Other_species9","Other_species10","Other_species11","Other_species12","Other_species13","Other_species14","Other_species15","Other_species16"
"639278","Phylloscopus","collybita","","Common Chiffchaff","Luca Baghino","Italy","Borzonasca, Città Metropolitana di Genova, Liguria",44.4649,9.352,"song","https://xeno-canto.org/639278/download","//creativecommons.org/licenses/by-nc-sa/4.0/","//xeno-canto.org/639278","no score","18:00","2021-04-14","650","XC639278-Luì piccolo Stibiveri 14.4.2021.mp3","//xeno-canto.org/sounds/uploaded/SDXDGURYIO/ffts/XC639278-small.png","//xeno-canto.org/sounds/uploaded/SDXDGURYIO/ffts/XC639278-med.png","//xeno-canto.org/sounds/uploaded/SDXDGURYIO/ffts/XC639278-large.png","//xeno-canto.org/sounds/uploaded/SDXDGURYIO/ffts/XC639278-full.png","0:11","2021-04-15","Turdus merula","","no","no",NA,NA,NA,NA,NA,NA,NA,NA,NA,NA,NA,NA,NA,NA,NA,NA
"707362","Phylloscopus","collybita","","Common Chiffchaff","Sonothèque ADVL","France","Carolles, Manche, Normandie",48.7521,-1.57,"song","https://xeno-canto.org/707362/download","//creativecommons.org/publicdomain/zero/1.0/","//xeno-canto.org/707362","A","12:00","2021-04-15","60","XC707362-Pouillotveloce_15042021_carollesplateaunord chant posé.mp3","//xeno-canto.org/sounds/uploaded/BJAXFFKOML/ffts/XC707362-small.png","//xeno-canto.org/sounds/uploaded/BJAXFFKOML/ffts/XC707362-med.png","//xeno-canto.org/sounds/uploaded/BJAXFFKOML/ffts/XC707362-large.png","//xeno-canto.org/sounds/uploaded/BJAXFFKOML/ffts/XC707362-full.png","0:06","2022-03-08","","Sonothèque des oiseaux de Carolles et de la baie du Mont-Saint-Michel. Association de Défense de la Vallée du Lude et des sites environnants.
Enregistrement Corentin Rivière.","unknown","unknown",NA,NA,NA,NA,NA,NA,NA,NA,NA,NA,NA,NA,NA,NA,NA,NA
"706664","Phylloscopus","collybita","","Common Chiffchaff","Léandre COMBE","France","Arrondissement de Reims (near  Reims), Marne, Grand Est",49.2583,4.0317,"song","https://xeno-canto.org/706664/download","//creativecommons.org/licenses/by-nc-sa/4.0/","//xeno-canto.org/706664","A","08:30","2022-03-05","90","XC706664-PhyCol 05 03 22.mp3","//xeno-canto.org/sounds/uploaded/PDUXTHLYOH/ffts/XC706664-small.png","//xeno-canto.org/sounds/uploaded/PDUXTHLYOH/ffts/XC706664-med.png","//xeno-canto.org/sounds/uploaded/PDUXTHLYOH/ffts/XC706664-large.png","//xeno-canto.org/sounds/uploaded/PDUXTHLYOH/ffts/XC706664-full.png","0:18","2022-03-06","","","yes","no",NA,NA,NA,NA,NA,NA,NA,NA,NA,NA,NA,NA,NA,NA,NA,NA
"702295","Phylloscopus","collybita","","Common Chiffchaff","Nelson Conceição","Portugal","Luz de Tavira, Tavira, Faro",37.069,-7.7248,"song","https://xeno-canto.org/702295/download","//creativecommons.org/licenses/by-nc-sa/4.0/","//xeno-canto.org/702295","A","12:21","2022-02-11","0","XC702295-220211-122147felosinhacomum.mp3","//xeno-canto.org/sounds/uploaded/JYPQCEFKAM/ffts/XC702295-small.png","//xeno-canto.org/sounds/uploaded/JYPQCEFKAM/ffts/XC702295-med.png","//xeno-canto.org/sounds/uploaded/JYPQCEFKAM/ffts/XC702295-large.png","//xeno-canto.org/sounds/uploaded/JYPQCEFKAM/ffts/XC702295-full.png","0:22","2022-02-14","Sylvia atricapilla","Recorder: Zoom H1n

Windscreen: Zoom WSU-1

Editing: Audacity (High-pass filter 250Hz/6dB, sound normalized to -3dB).","yes","no",NA,NA,NA,NA,NA,NA,NA,NA,NA,NA,NA,NA,NA,NA,NA,NA
"702293","Phylloscopus","collybita","","Common Chiffchaff","Nelson Conceição","Portugal","Luz de Tavira, Tavira, Faro",37.069,-7.7248,"song","https://xeno-canto.org/702293/download","//creativecommons.org/licenses/by-nc-sa/4.0/","//xeno-canto.org/702293","A","12:20","2022-02-11","0","XC702293-220211-122026felosinhacomum.mp3","//xeno-canto.org/sounds/uploaded/JYPQCEFKAM/ffts/XC702293-small.png","//xeno-canto.org/sounds/uploaded/JYPQCEFKAM/ffts/XC702293-med.png","//xeno-canto.org/sounds/uploaded/JYPQCEFKAM/ffts/XC702293-large.png","//xeno-canto.org/sounds/uploaded/JYPQCEFKAM/ffts/XC702293-full.png","0:24","2022-02-14",NA,"Recorder: Zoom H1n

Windscreen: Zoom WSU-1

Editing: Audacity (High-pass filter 250Hz/6dB, sound normalized to -3dB).","yes","no","Sylvia atricapilla","Sylvia melanocephala",NA,NA,NA,NA,NA,NA,NA,NA,NA,NA,NA,NA,NA,NA
"702292","Phylloscopus","collybita","","Common Chiffchaff","Nelson Conceição","Portugal","Luz de Tavira, Tavira, Faro",37.069,-7.7248,"song","https://xeno-canto.org/702292/download","//creativecommons.org/licenses/by-nc-sa/4.0/","//xeno-canto.org/702292","A","12:19","2022-02-11","0","XC702292-220211-121902felosinhacomum.mp3","//xeno-canto.org/sounds/uploaded/JYPQCEFKAM/ffts/XC702292-small.png","//xeno-canto.org/sounds/uploaded/JYPQCEFKAM/ffts/XC702292-med.png","//xeno-canto.org/sounds/uploaded/JYPQCEFKAM/ffts/XC702292-large.png","//xeno-canto.org/sounds/uploaded/JYPQCEFKAM/ffts/XC702292-full.png","0:55","2022-02-14","Passer domesticus","Recorder: Zoom H1n

Windscreen: Zoom WSU-1

Editing: Audacity (High-pass filter 250Hz/6dB, sound normalized to -3dB).","yes","no",NA,NA,NA,NA,NA,NA,NA,NA,NA,NA,NA,NA,NA,NA,NA,NA
"702291","Phylloscopus","collybita","","Common Chiffchaff","Nelson Conceição","Portugal","Luz de Tavira, Tavira, Faro",37.069,-7.7248,"song","https://xeno-canto.org/702291/download","//creativecommons.org/licenses/by-nc-sa/4.0/","//xeno-canto.org/702291","A","12:17","2022-02-11","0","XC702291-220211-121756felosinhacomum.mp3","//xeno-canto.org/sounds/uploaded/JYPQCEFKAM/ffts/XC702291-small.png","//xeno-canto.org/sounds/uploaded/JYPQCEFKAM/ffts/XC702291-med.png","//xeno-canto.org/sounds/uploaded/JYPQCEFKAM/ffts/XC702291-large.png","//xeno-canto.org/sounds/uploaded/JYPQCEFKAM/ffts/XC702291-full.png","0:37","2022-02-14",NA,"Recorder: Zoom H1n

Windscreen: Zoom WSU-1

Editing: Audacity (High-pass filter 250Hz/6dB, sound normalized to -3dB).","yes","no","Carduelis carduelis","Turdus philomelos",NA,NA,NA,NA,NA,NA,NA,NA,NA,NA,NA,NA,NA,NA
"701498","Phylloscopus","collybita","","Common Chiffchaff","Fernando aranguren jiménez","Spain","Sierra de Béjar (near  Candelario), Salamanca, Castilla y León",40.3488,-5.776,"song","https://xeno-canto.org/701498/download","//creativecommons.org/licenses/by-nc-sa/4.0/","//xeno-canto.org/701498","A","12:00","2022-02-10","1240","XC701498-Mosquitero común, Olympus, 10-2-2022.mp3","//xeno-canto.org/sounds/uploaded/WHQHWGGRFO/ffts/XC701498-small.png","//xeno-canto.org/sounds/uploaded/WHQHWGGRFO/ffts/XC701498-med.png","//xeno-canto.org/sounds/uploaded/WHQHWGGRFO/ffts/XC701498-large.png","//xeno-canto.org/sounds/uploaded/WHQHWGGRFO/ffts/XC701498-full.png","0:29","2022-02-10","","Se encuentra en un pino silvestre y se oye de fondo un Carbonero garrapinos.","no","yes",NA,NA,NA,NA,NA,NA,NA,NA,NA,NA,NA,NA,NA,NA,NA,NA
"693995","Phylloscopus","collybita","","Common Chiffchaff","Agris Celmins","Latvia","Kurmenes pagasts",56.4915,24.8073,"song","https://xeno-canto.org/693995/download","//creativecommons.org/licenses/by-nc-nd/4.0/","//xeno-canto.org/693995","A","08:01","2007-05-06","50","XC693995-Phylloscopus collybita Common Chiffchaff song 2007-05-06 0801 Kurmenes pagasts 56.491471, 24.807257 (seen) Telinga 5W.mp3","//xeno-canto.org/sounds/uploaded/AQWMZXSOED/ffts/XC693995-small.png","//xeno-canto.org/sounds/uploaded/AQWMZXSOED/ffts/XC693995-med.png","//xeno-canto.org/sounds/uploaded/AQWMZXSOED/ffts/XC693995-large.png","//xeno-canto.org/sounds/uploaded/AQWMZXSOED/ffts/XC693995-full.png","0:47","2021-12-27",NA,"","yes","no","Erithacus rubecula","Fringilla coelebs","Loxia curvirostra",NA,NA,NA,NA,NA,NA,NA,NA,NA,NA,NA,NA,NA
"693994","Phylloscopus","collybita","","Common Chiffchaff","Agris Celmins","Latvia","Penderi, Valles pagasts",56.4929,24.7807,"song","https://xeno-canto.org/693994/download","//creativecommons.org/licenses/by-nc-nd/4.0/","//xeno-canto.org/693994","A","06:09","2006-05-11","50","XC693994-Phylloscopus collybita Common Chiffchaff song 2006-05-11 0609 Penderi, Valles pagasts 56.492935, 24.780715 (seen) Telinga 5W.mp3","//xeno-canto.org/sounds/uploaded/AQWMZXSOED/ffts/XC693994-small.png","//xeno-canto.org/sounds/uploaded/AQWMZXSOED/ffts/XC693994-med.png","//xeno-canto.org/sounds/uploaded/AQWMZXSOED/ffts/XC693994-large.png","//xeno-canto.org/sounds/uploaded/AQWMZXSOED/ffts/XC693994-full.png","0:21","2021-12-27","","","yes","no",NA,NA,NA,NA,NA,NA,NA,NA,NA,NA,NA,NA,NA,NA,NA,NA
"692351","Phylloscopus","collybita","tristis","Common Chiffchaff","Stanislas Wroza","France","Herblay, Val-d'Oise, Île-de-France",48.9823,2.1633,"song","https://xeno-canto.org/692351/download","//creativecommons.org/licenses/by-nc-sa/4.0/","//xeno-canto.org/692351","A","09:00","2021-12-19","20","XC692351-Pouillot de Siberie chant + filtered.mp3","//xeno-canto.org/sounds/uploaded/SDPCHKOHRH/ffts/XC692351-small.png","//xeno-canto.org/sounds/uploaded/SDPCHKOHRH/ffts/XC692351-med.png","//xeno-canto.org/sounds/uploaded/SDPCHKOHRH/ffts/XC692351-large.png","//xeno-canto.org/sounds/uploaded/SDPCHKOHRH/ffts/XC692351-full.png","0:34","2021-12-21","","","yes","no",NA,NA,NA,NA,NA,NA,NA,NA,NA,NA,NA,NA,NA,NA,NA,NA
"688966","Phylloscopus","collybita","","Common Chiffchaff","W. Agster","Germany","Kreisfreie Stadt Frankfurt am Main (near  Frankfurt), Darmstadt, Hessen",50.1573,8.7715,"song","https://xeno-canto.org/688966/download","//creativecommons.org/licenses/by-nc-sa/4.0/","//xeno-canto.org/688966","A","09:30","2021-06-05","180","XC688966-xc-wa011084-000013.mp3","//xeno-canto.org/sounds/uploaded/EXNUFPZKKY/ffts/XC688966-small.png","//xeno-canto.org/sounds/uploaded/EXNUFPZKKY/ffts/XC688966-med.png","//xeno-canto.org/sounds/uploaded/EXNUFPZKKY/ffts/XC688966-large.png","//xeno-canto.org/sounds/uploaded/EXNUFPZKKY/ffts/XC688966-full.png","0:43","2021-11-25","","","unknown","no",NA,NA,NA,NA,NA,NA,NA,NA,NA,NA,NA,NA,NA,NA,NA,NA
"687019","Phylloscopus","collybita","tristis","Common Chiffchaff","Stanislas Wroza","France","Ouessant, Finistère, Bretagne",48.4673,-5.0894,"song","https://xeno-canto.org/687019/download","//creativecommons.org/licenses/by-nc-sa/4.0/","//xeno-canto.org/687019","A","09:30","2021-11-07","30","XC687019-Pouillot de Siberie chant +.mp3","//xeno-canto.org/sounds/uploaded/SDPCHKOHRH/ffts/XC687019-small.png","//xeno-canto.org/sounds/uploaded/SDPCHKOHRH/ffts/XC687019-med.png","//xeno-canto.org/sounds/uploaded/SDPCHKOHRH/ffts/XC687019-large.png","//xeno-canto.org/sounds/uploaded/SDPCHKOHRH/ffts/XC687019-full.png","1:38","2021-11-16","","","yes","no",NA,NA,NA,NA,NA,NA,NA,NA,NA,NA,NA,NA,NA,NA,NA,NA
"686855","Phylloscopus","collybita","","Common Chiffchaff","Niels Van Doninck","Norway","Terråk, Bindal, Nordland",65.0883,12.3875,"song","https://xeno-canto.org/686855/download","//creativecommons.org/licenses/by-nc-nd/4.0/","//xeno-canto.org/686855","A","11:00","2021-06-03","10","XC686855-Tjiftjaf 20210603 1100a.mp3","//xeno-canto.org/sounds/uploaded/MHVQXRLBKS/ffts/XC686855-small.png","//xeno-canto.org/sounds/uploaded/MHVQXRLBKS/ffts/XC686855-med.png","//xeno-canto.org/sounds/uploaded/MHVQXRLBKS/ffts/XC686855-large.png","//xeno-canto.org/sounds/uploaded/MHVQXRLBKS/ffts/XC686855-full.png","0:13","2021-11-16",NA,"","yes","no","Picus viridis","Phylloscopus trochilus","Sylvia atricapilla",NA,NA,NA,NA,NA,NA,NA,NA,NA,NA,NA,NA,NA
"686308","Phylloscopus","collybita","","Common Chiffchaff","Irish Wildlife Sounds","Ireland","Ireland (near  Mallow), Cork, County Cork",52.139,-8.6539,"song","https://xeno-canto.org/686308/download","//creativecommons.org/licenses/by-nc-sa/4.0/","//xeno-canto.org/686308","A","14:00","2021-06-28","60","XC686308-Chiffchaff_Song_Mallow_280621_A+.mp3","//xeno-canto.org/sounds/uploaded/PAEQEUHPFQ/ffts/XC686308-small.png","//xeno-canto.org/sounds/uploaded/PAEQEUHPFQ/ffts/XC686308-med.png","//xeno-canto.org/sounds/uploaded/PAEQEUHPFQ/ffts/XC686308-large.png","//xeno-canto.org/sounds/uploaded/PAEQEUHPFQ/ffts/XC686308-full.png","0:32","2021-11-14","","","yes","no",NA,NA,NA,NA,NA,NA,NA,NA,NA,NA,NA,NA,NA,NA,NA,NA
"685920","Phylloscopus","collybita","","Common Chiffchaff","W. Agster","Germany","Mainz-Bingen (near  Ingelheim am Rhein), Darmstadt, Rhineland-Palatinate",49.9964,8.0296,"song","https://xeno-canto.org/685920/download","//creativecommons.org/licenses/by-nc-sa/4.0/","//xeno-canto.org/685920","A","10:00","2021-04-25","80","XC685920-xc-wa010605-000004.mp3","//xeno-canto.org/sounds/uploaded/EXNUFPZKKY/ffts/XC685920-small.png","//xeno-canto.org/sounds/uploaded/EXNUFPZKKY/ffts/XC685920-med.png","//xeno-canto.org/sounds/uploaded/EXNUFPZKKY/ffts/XC685920-large.png","//xeno-canto.org/sounds/uploaded/EXNUFPZKKY/ffts/XC685920-full.png","0:15","2021-11-12","","","unknown","no",NA,NA,NA,NA,NA,NA,NA,NA,NA,NA,NA,NA,NA,NA,NA,NA
"680211","Phylloscopus","collybita","","Common Chiffchaff","Jorge Leitão","Netherlands","Dommelplantsoen, Eindhoven, Noord-Brabant",51.4261,5.4756,"song","https://xeno-canto.org/680211/download","//creativecommons.org/licenses/by-nc-sa/4.0/","//xeno-canto.org/680211","A","11:29","2020-03-14","20","XC680211-Phylloscopus collybita_2020.03.14_11.29_01.MP3","//xeno-canto.org/sounds/uploaded/GYAUIPUVNM/ffts/XC680211-small.png","//xeno-canto.org/sounds/uploaded/GYAUIPUVNM/ffts/XC680211-med.png","//xeno-canto.org/sounds/uploaded/GYAUIPUVNM/ffts/XC680211-large.png","//xeno-canto.org/sounds/uploaded/GYAUIPUVNM/ffts/XC680211-full.png","0:40","2021-10-13","","","yes","no",NA,NA,NA,NA,NA,NA,NA,NA,NA,NA,NA,NA,NA,NA,NA,NA
"679710","Phylloscopus","collybita","","Common Chiffchaff","Jorge Leitão","Netherlands","Genneper Parken, Eindhoven, Noord-Brabant",51.4213,5.4732,"song","https://xeno-canto.org/679710/download","//creativecommons.org/licenses/by-nc-sa/4.0/","//xeno-canto.org/679710","A","08:47","2018-08-18","20","XC679710-Phylloscopus collybita_2018.08.18_08.47_01.MP3","//xeno-canto.org/sounds/uploaded/GYAUIPUVNM/ffts/XC679710-small.png","//xeno-canto.org/sounds/uploaded/GYAUIPUVNM/ffts/XC679710-med.png","//xeno-canto.org/sounds/uploaded/GYAUIPUVNM/ffts/XC679710-large.png","//xeno-canto.org/sounds/uploaded/GYAUIPUVNM/ffts/XC679710-full.png","1:11","2021-10-11","","","yes","no",NA,NA,NA,NA,NA,NA,NA,NA,NA,NA,NA,NA,NA,NA,NA,NA
"678447","Phylloscopus","collybita","","Common Chiffchaff","Michał Jezierski","United Kingdom","Great Britain (near  Oddington), Oxfordshire, England",51.8197,-1.2012,"song","https://xeno-canto.org/678447/download","//creativecommons.org/licenses/by-nc-sa/4.0/","//xeno-canto.org/678447","A","10:56","2021-10-03","60","XC678447-211003_phycoll_song.mp3","//xeno-canto.org/sounds/uploaded/GPXJQQOAML/ffts/XC678447-small.png","//xeno-canto.org/sounds/uploaded/GPXJQQOAML/ffts/XC678447-med.png","//xeno-canto.org/sounds/uploaded/GPXJQQOAML/ffts/XC678447-large.png","//xeno-canto.org/sounds/uploaded/GPXJQQOAML/ffts/XC678447-full.png","0:30","2021-10-04","Coloeus monedula","Bird signing from a tree in a hedgerow. No edits, recorded using Olympus LS-P1.","yes","no",NA,NA,NA,NA,NA,NA,NA,NA,NA,NA,NA,NA,NA,NA,NA,NA
"676722","Phylloscopus","collybita","","Common Chiffchaff","Jorge Leitão","Netherlands","Dommeilplantsoen, near Genneper Parken, Eindhoven, Noord-Brabant",51.4269,5.4752,"song","https://xeno-canto.org/676722/download","//creativecommons.org/licenses/by-nc-sa/4.0/","//xeno-canto.org/676722","A","10:17","2021-09-24","20","XC676722-2021.09.24_10.17_01.mp3","//xeno-canto.org/sounds/uploaded/GYAUIPUVNM/ffts/XC676722-small.png","//xeno-canto.org/sounds/uploaded/GYAUIPUVNM/ffts/XC676722-med.png","//xeno-canto.org/sounds/uploaded/GYAUIPUVNM/ffts/XC676722-large.png","//xeno-canto.org/sounds/uploaded/GYAUIPUVNM/ffts/XC676722-full.png","0:33","2021-09-25","","","yes","no",NA,NA,NA,NA,NA,NA,NA,NA,NA,NA,NA,NA,NA,NA,NA,NA
"674976","Phylloscopus","collybita","tristis","Common Chiffchaff","Albert Lastukhin","Russian Federation","Khonuu, Momskiy Natsional'nyy Ulus, Respublika Sakha (Yakutiya)",66.4554,143.2409,"song","https://xeno-canto.org/674976/download","//creativecommons.org/licenses/by-nc-nd/4.0/","//xeno-canto.org/674976","A","17:00","2021-06-03","190","XC674976-Phylloscopus tristis 210603_001, Хонуу, 16-00, АB.MP3","//xeno-canto.org/sounds/uploaded/LELYWQKUZX/ffts/XC674976-small.png","//xeno-canto.org/sounds/uploaded/LELYWQKUZX/ffts/XC674976-med.png","//xeno-canto.org/sounds/uploaded/LELYWQKUZX/ffts/XC674976-large.png","//xeno-canto.org/sounds/uploaded/LELYWQKUZX/ffts/XC674976-full.png","0:50","2021-09-16","","","yes","no",NA,NA,NA,NA,NA,NA,NA,NA,NA,NA,NA,NA,NA,NA,NA,NA
"674975","Phylloscopus","collybita","tristis","Common Chiffchaff","Albert Lastukhin","Russian Federation","Khonuu, Momskiy Natsional'nyy Ulus, Respublika Sakha (Yakutiya)",66.4554,143.2409,"song","https://xeno-canto.org/674975/download","//creativecommons.org/licenses/by-nc-nd/4.0/","//xeno-canto.org/674975","A","17:00","2021-06-03","190","XC674975-Phylloscopus tristis 210603_007, Хонуу, 16-50, АBB.MP3","//xeno-canto.org/sounds/uploaded/LELYWQKUZX/ffts/XC674975-small.png","//xeno-canto.org/sounds/uploaded/LELYWQKUZX/ffts/XC674975-med.png","//xeno-canto.org/sounds/uploaded/LELYWQKUZX/ffts/XC674975-large.png","//xeno-canto.org/sounds/uploaded/LELYWQKUZX/ffts/XC674975-full.png","2:18","2021-09-16","","","yes","no",NA,NA,NA,NA,NA,NA,NA,NA,NA,NA,NA,NA,NA,NA,NA,NA
"674974","Phylloscopus","collybita","tristis","Common Chiffchaff","Albert Lastukhin","Russian Federation","Khonuu, Momskiy Natsional'nyy Ulus, Respublika Sakha (Yakutiya)",66.4554,143.2409,"song","https://xeno-canto.org/674974/download","//creativecommons.org/licenses/by-nc-nd/4.0/","//xeno-canto.org/674974","A","17:00","2021-06-03","190","XC674974-Phylloscopus tristis 210603_011, Хонуу, 17-20, АBB.MP3","//xeno-canto.org/sounds/uploaded/LELYWQKUZX/ffts/XC674974-small.png","//xeno-canto.org/sounds/uploaded/LELYWQKUZX/ffts/XC674974-med.png","//xeno-canto.org/sounds/uploaded/LELYWQKUZX/ffts/XC674974-large.png","//xeno-canto.org/sounds/uploaded/LELYWQKUZX/ffts/XC674974-full.png","4:14","2021-09-16","","","yes","no",NA,NA,NA,NA,NA,NA,NA,NA,NA,NA,NA,NA,NA,NA,NA,NA
"673672","Phylloscopus","collybita","","Common Chiffchaff","Hannu Varkki","Finland","Sipoonkorpi, Sipoo, Uusimaa",60.3021,25.1981,"song","https://xeno-canto.org/673672/download","//creativecommons.org/licenses/by-nc-sa/4.0/","//xeno-canto.org/673672","A","08:40","2021-06-01","40","XC673672-PHYCOL2021-06-01-0840-SIPO-s-m.mp3","//xeno-canto.org/sounds/uploaded/XDCPMYMSWN/ffts/XC673672-small.png","//xeno-canto.org/sounds/uploaded/XDCPMYMSWN/ffts/XC673672-med.png","//xeno-canto.org/sounds/uploaded/XDCPMYMSWN/ffts/XC673672-large.png","//xeno-canto.org/sounds/uploaded/XDCPMYMSWN/ffts/XC673672-full.png","1:20","2021-09-11",NA,"","yes","no","Turdus merula","Fringilla coelebs","Phylloscopus trochilus","Erithacus rubecula",NA,NA,NA,NA,NA,NA,NA,NA,NA,NA,NA,NA
"673246","Phylloscopus","collybita","","Common Chiffchaff","Gosse Hoekstra","Netherlands","Minnertsga, Waadhoeke, Friesland",53.2509,5.598,"song","https://xeno-canto.org/673246/download","//creativecommons.org/licenses/by-nc-sa/4.0/","//xeno-canto.org/673246","A","07:30","2021-09-09","0","XC673246-090921 7h40m Tjif.mp3","//xeno-canto.org/sounds/uploaded/JJBJZNGTYV/ffts/XC673246-small.png","//xeno-canto.org/sounds/uploaded/JJBJZNGTYV/ffts/XC673246-med.png","//xeno-canto.org/sounds/uploaded/JJBJZNGTYV/ffts/XC673246-large.png","//xeno-canto.org/sounds/uploaded/JJBJZNGTYV/ffts/XC673246-full.png","0:12","2021-09-09","","","no","unknown",NA,NA,NA,NA,NA,NA,NA,NA,NA,NA,NA,NA,NA,NA,NA,NA
"666917","Phylloscopus","collybita","","Common Chiffchaff","Irish Wildlife Sounds","Ireland","Ireland (near  Buttevant), Cork, County Cork",52.2321,-8.6701,"song","https://xeno-canto.org/666917/download","//creativecommons.org/licenses/by-nc-sa/4.0/","//xeno-canto.org/666917","A","18:00","2021-06-21","90","XC666917-Chiffchaff_Song_Ballyhouras_210621_A+++.mp3","//xeno-canto.org/sounds/uploaded/PAEQEUHPFQ/ffts/XC666917-small.png","//xeno-canto.org/sounds/uploaded/PAEQEUHPFQ/ffts/XC666917-med.png","//xeno-canto.org/sounds/uploaded/PAEQEUHPFQ/ffts/XC666917-large.png","//xeno-canto.org/sounds/uploaded/PAEQEUHPFQ/ffts/XC666917-full.png","0:50","2021-08-07","","","yes","no",NA,NA,NA,NA,NA,NA,NA,NA,NA,NA,NA,NA,NA,NA,NA,NA
"666903","Phylloscopus","collybita","","Common Chiffchaff","Irish Wildlife Sounds","Ireland","Ireland (near  Buttevant), Cork, County Cork",52.2321,-8.6701,"song","https://xeno-canto.org/666903/download","//creativecommons.org/licenses/by-nc-sa/4.0/","//xeno-canto.org/666903","A","18:00","2021-06-19","90","XC666903-Chiffchaff_Song_Ballyhouras_190621_A+++.mp3","//xeno-canto.org/sounds/uploaded/PAEQEUHPFQ/ffts/XC666903-small.png","//xeno-canto.org/sounds/uploaded/PAEQEUHPFQ/ffts/XC666903-med.png","//xeno-canto.org/sounds/uploaded/PAEQEUHPFQ/ffts/XC666903-large.png","//xeno-canto.org/sounds/uploaded/PAEQEUHPFQ/ffts/XC666903-full.png","1:28","2021-08-07","","","yes","no",NA,NA,NA,NA,NA,NA,NA,NA,NA,NA,NA,NA,NA,NA,NA,NA
"661621","Phylloscopus","collybita","","Common Chiffchaff","Hannu Varkki","Finland","Sipoonkorpi, Sipoo, Uusimaa",60.3021,25.1981,"song","https://xeno-canto.org/661621/download","//creativecommons.org/licenses/by-nc-sa/4.0/","//xeno-canto.org/661621","A","10:00","2021-04-30","40","XC661621-PHYCOL2021-04-30-0958-SIPO-song-m.mp3","//xeno-canto.org/sounds/uploaded/XDCPMYMSWN/ffts/XC661621-small.png","//xeno-canto.org/sounds/uploaded/XDCPMYMSWN/ffts/XC661621-med.png","//xeno-canto.org/sounds/uploaded/XDCPMYMSWN/ffts/XC661621-large.png","//xeno-canto.org/sounds/uploaded/XDCPMYMSWN/ffts/XC661621-full.png","0:29","2021-07-06",NA,"","yes","no","Fringilla coelebs","Columba palumbus","Turdus philomelos",NA,NA,NA,NA,NA,NA,NA,NA,NA,NA,NA,NA,NA
"659800","Phylloscopus","collybita","","Common Chiffchaff","Olivier SWIFT","France","Arrondissement de Prades (near  Arboussols), Pyrénées-Orientales, Occitanie",42.6689,2.4944,"song","https://xeno-canto.org/659800/download","//creativecommons.org/licenses/by-nc-sa/4.0/","//xeno-canto.org/659800","A","13:19","2021-03-28","550","XC659800-PHYCOL_210328_6436_Aboussols66_C4.mp3","//xeno-canto.org/sounds/uploaded/JCPKCBKKAQ/ffts/XC659800-small.png","//xeno-canto.org/sounds/uploaded/JCPKCBKKAQ/ffts/XC659800-med.png","//xeno-canto.org/sounds/uploaded/JCPKCBKKAQ/ffts/XC659800-large.png","//xeno-canto.org/sounds/uploaded/JCPKCBKKAQ/ffts/XC659800-full.png","0:29","2021-06-28","Parus major","Tascam DR05 - Dodotronic parabole","no","no",NA,NA,NA,NA,NA,NA,NA,NA,NA,NA,NA,NA,NA,NA,NA,NA
"658879","Phylloscopus","collybita","","Common Chiffchaff","Mattias Sarling","Finland","Lemland, Lemland, Ålands landsbygd",60.0077,20.2134,"song","https://xeno-canto.org/658879/download","//creativecommons.org/licenses/by-nc-sa/4.0/","//xeno-canto.org/658879","A","22:00","2021-06-24","3","XC658879-20210624_214317 Gransångare +.mp3","//xeno-canto.org/sounds/uploaded/ZXDPWQVASF/ffts/XC658879-small.png","//xeno-canto.org/sounds/uploaded/ZXDPWQVASF/ffts/XC658879-med.png","//xeno-canto.org/sounds/uploaded/ZXDPWQVASF/ffts/XC658879-large.png","//xeno-canto.org/sounds/uploaded/ZXDPWQVASF/ffts/XC658879-full.png","1:16","2021-06-24","Fringilla coelebs","Recorded with parabolic dish, near a gravel road in forest. No filtering used. No wind, clear, 16 degrees Celsius.","no","no",NA,NA,NA,NA,NA,NA,NA,NA,NA,NA,NA,NA,NA,NA,NA,NA
"657008","Phylloscopus","collybita","tristis","Common Chiffchaff","Kjell Wallin","Sweden","Gällivare Municipality, Norrbottens län",67.1124,19.6872,"song","https://xeno-canto.org/657008/download","//creativecommons.org/licenses/by-nc-sa/4.0/","//xeno-canto.org/657008","A","04:30","2021-06-10","380","XC657008-Sibirisk gransångare Stora Lulevattnet 2021.mp3","//xeno-canto.org/sounds/uploaded/LASAEPZPMA/ffts/XC657008-small.png","//xeno-canto.org/sounds/uploaded/LASAEPZPMA/ffts/XC657008-med.png","//xeno-canto.org/sounds/uploaded/LASAEPZPMA/ffts/XC657008-large.png","//xeno-canto.org/sounds/uploaded/LASAEPZPMA/ffts/XC657008-full.png","0:19","2021-06-15","Fringilla montifringilla","","unknown","unknown",NA,NA,NA,NA,NA,NA,NA,NA,NA,NA,NA,NA,NA,NA,NA,NA
"656840","Phylloscopus","collybita","","Common Chiffchaff","Lars Edenius","Sweden","Överrödå, Umeå, Västerbottens län",64.1378,20.0755,"song","https://xeno-canto.org/656840/download","//creativecommons.org/licenses/by-nc-sa/4.0/","//xeno-canto.org/656840","A","06:00","2021-06-09","280","XC656840-Gransångare_21.mp3","//xeno-canto.org/sounds/uploaded/MMEJYLOPDO/ffts/XC656840-small.png","//xeno-canto.org/sounds/uploaded/MMEJYLOPDO/ffts/XC656840-med.png","//xeno-canto.org/sounds/uploaded/MMEJYLOPDO/ffts/XC656840-large.png","//xeno-canto.org/sounds/uploaded/MMEJYLOPDO/ffts/XC656840-full.png","1:04","2021-06-15","","","no","no",NA,NA,NA,NA,NA,NA,NA,NA,NA,NA,NA,NA,NA,NA,NA,NA
"653405","Phylloscopus","collybita","tristis","Common Chiffchaff","Jonas Nordin","Sweden","Hamnuddängen, Utö, Haninge Municipality, Stockholms län",58.9274,18.297,"song","https://xeno-canto.org/653405/download","//creativecommons.org/licenses/by-nc-sa/4.0/","//xeno-canto.org/653405","A","09:00","2021-05-31","10","XC653405-SibiriskGransångare_Utö_31maj2021.mp3","//xeno-canto.org/sounds/uploaded/SXPUGTQMMP/ffts/XC653405-small.png","//xeno-canto.org/sounds/uploaded/SXPUGTQMMP/ffts/XC653405-med.png","//xeno-canto.org/sounds/uploaded/SXPUGTQMMP/ffts/XC653405-large.png","//xeno-canto.org/sounds/uploaded/SXPUGTQMMP/ffts/XC653405-full.png","0:24","2021-06-01",NA,"","yes","no","Phylloscopus trochilus","Turdus merula",NA,NA,NA,NA,NA,NA,NA,NA,NA,NA,NA,NA,NA,NA
"652665","Phylloscopus","collybita","","Common Chiffchaff","Micha Luhn","Germany","Landkreis Vorpommern-Greifswald (near  Mesekenhagen), Mecklenburg-Vorpommern",54.1877,13.3183,"song","https://xeno-canto.org/652665/download","//creativecommons.org/licenses/by-nc-sa/4.0/","//xeno-canto.org/652665","A","12:30","2021-05-28","10","XC652665-Phylloscopus_collybita_A_ML_HP1000Hz12dB_210528_0338.mp3","//xeno-canto.org/sounds/uploaded/YSPYKACHLO/ffts/XC652665-small.png","//xeno-canto.org/sounds/uploaded/YSPYKACHLO/ffts/XC652665-med.png","//xeno-canto.org/sounds/uploaded/YSPYKACHLO/ffts/XC652665-large.png","//xeno-canto.org/sounds/uploaded/YSPYKACHLO/ffts/XC652665-full.png","0:43","2021-05-29",NA,"Bird sat in an alder, about 10m over ground;
Tascam DR-100 MKiii + 40cm parabola;
wav: 48kHz 24bit; 43s;
mp3: 320kbps; HP 1000Hz 12 dB; 43s;","yes","no","Emberiza schoeniclus","Luscinia luscinia",NA,NA,NA,NA,NA,NA,NA,NA,NA,NA,NA,NA,NA,NA
"651999","Phylloscopus","collybita","abietinus","Common Chiffchaff","Uku Paal","Estonia","Tooma (near  Selli), Jõgeva Parish, Jõgeva maakond",58.8793,26.2929,"song","https://xeno-canto.org/651999/download","//creativecommons.org/licenses/by-nc-sa/4.0/","//xeno-canto.org/651999","A","15:30","2021-05-25","90","XC651999-PHYCOL TOOMA 210525_2791.mp3","//xeno-canto.org/sounds/uploaded/XIBLXHRPJO/ffts/XC651999-small.png","//xeno-canto.org/sounds/uploaded/XIBLXHRPJO/ffts/XC651999-med.png","//xeno-canto.org/sounds/uploaded/XIBLXHRPJO/ffts/XC651999-large.png","//xeno-canto.org/sounds/uploaded/XIBLXHRPJO/ffts/XC651999-full.png","1:28","2021-05-26","Ficedula parva","HPF NR","yes","no",NA,NA,NA,NA,NA,NA,NA,NA,NA,NA,NA,NA,NA,NA,NA,NA
"651377","Phylloscopus","collybita","","Common Chiffchaff","Aaron Dreißigacker","Germany","Kreisfreie Stadt Speyer (near  Speyer), Karlsruhe, Rheinland-Pfalz",49.2971,8.4213,"song","https://xeno-canto.org/651377/download","//creativecommons.org/licenses/by-nc-sa/4.0/","//xeno-canto.org/651377","A","07:08","2021-05-24","100","XC651377-Zilp Zalp.mp3","//xeno-canto.org/sounds/uploaded/IGWLKPQFGS/ffts/XC651377-small.png","//xeno-canto.org/sounds/uploaded/IGWLKPQFGS/ffts/XC651377-med.png","//xeno-canto.org/sounds/uploaded/IGWLKPQFGS/ffts/XC651377-large.png","//xeno-canto.org/sounds/uploaded/IGWLKPQFGS/ffts/XC651377-full.png","0:28","2021-05-24","","","no","no",NA,NA,NA,NA,NA,NA,NA,NA,NA,NA,NA,NA,NA,NA,NA,NA
"650934","Phylloscopus","collybita","","Common Chiffchaff","Ireneusz Oleksik","Poland","Gmina Kobiór (near  Świerczyniec), Pszczyna County, Śląskie",50.0639,19.0294,"song","https://xeno-canto.org/650934/download","//creativecommons.org/licenses/by-nc-sa/4.0/","//xeno-canto.org/650934","A","08:15","2021-05-23","260","XC650934-pierwiosnek Świerczyniec 23.05.2021   8.15.mp3","//xeno-canto.org/sounds/uploaded/RLRHCUIPIY/ffts/XC650934-small.png","//xeno-canto.org/sounds/uploaded/RLRHCUIPIY/ffts/XC650934-med.png","//xeno-canto.org/sounds/uploaded/RLRHCUIPIY/ffts/XC650934-large.png","//xeno-canto.org/sounds/uploaded/RLRHCUIPIY/ffts/XC650934-full.png","2:25","2021-05-23",NA,"Mostly coniferous forest, ME 66, Tascam DR-100 MK III.","yes","no","Sylvia atricapilla","Cuculus canorus",NA,NA,NA,NA,NA,NA,NA,NA,NA,NA,NA,NA,NA,NA
"648542","Phylloscopus","collybita","","Common Chiffchaff","Irish Wildlife Sounds","Ireland","Derrynafinnia, County Cork",51.4522,-9.8189,"song","https://xeno-canto.org/648542/download","//creativecommons.org/licenses/by-nc-sa/4.0/","//xeno-canto.org/648542","A","10:00","2021-05-02","10","XC648542-Chiffchaff_Song_Aberrant_Mizen_020521_B.mp3","//xeno-canto.org/sounds/uploaded/PAEQEUHPFQ/ffts/XC648542-small.png","//xeno-canto.org/sounds/uploaded/PAEQEUHPFQ/ffts/XC648542-med.png","//xeno-canto.org/sounds/uploaded/PAEQEUHPFQ/ffts/XC648542-large.png","//xeno-canto.org/sounds/uploaded/PAEQEUHPFQ/ffts/XC648542-full.png","1:04","2021-05-15","","Slightly atypical delivery.","yes","no",NA,NA,NA,NA,NA,NA,NA,NA,NA,NA,NA,NA,NA,NA,NA,NA
"648169","Phylloscopus","collybita","","Common Chiffchaff","Bernard Collet","Belgium","Brunehaut, Hainaut, Wallonie",50.516,3.3324,"song","https://xeno-canto.org/648169/download","//creativecommons.org/licenses/by-nc-sa/4.0/","//xeno-canto.org/648169","A","06:53","2021-05-12","30","XC648169-Pouillot_veloce_2021-05-12_06-53-10.mp3","//xeno-canto.org/sounds/uploaded/WSTVOVMGXC/ffts/XC648169-small.png","//xeno-canto.org/sounds/uploaded/WSTVOVMGXC/ffts/XC648169-med.png","//xeno-canto.org/sounds/uploaded/WSTVOVMGXC/ffts/XC648169-large.png","//xeno-canto.org/sounds/uploaded/WSTVOVMGXC/ffts/XC648169-full.png","0:50","2021-05-14","","Song of a nearby bird with no other species nearby, with a well detailed sonogram.","yes","no",NA,NA,NA,NA,NA,NA,NA,NA,NA,NA,NA,NA,NA,NA,NA,NA
"645660","Phylloscopus","collybita","","Common Chiffchaff","Alan Dalton","Sweden","Angarnsjöängen, Vallentuna Municipality, Stockholms län",59.5496,18.1602,"song","https://xeno-canto.org/645660/download","//creativecommons.org/licenses/by-nc-sa/4.0/","//xeno-canto.org/645660","A","10:00","2021-05-01","10","XC645660-ChiffChaff 3 may 2021.mp3","//xeno-canto.org/sounds/uploaded/BBJSEFYVPV/ffts/XC645660-small.png","//xeno-canto.org/sounds/uploaded/BBJSEFYVPV/ffts/XC645660-med.png","//xeno-canto.org/sounds/uploaded/BBJSEFYVPV/ffts/XC645660-large.png","//xeno-canto.org/sounds/uploaded/BBJSEFYVPV/ffts/XC645660-full.png","2:31","2021-05-05",NA,"Song from feeding bird","yes","no","Alauda arvensis","Chloris chloris","Turdus philomelos","Chroicocephalus ridibundus","Parus major","Cyanistes caeruleus","Anser anser",NA,NA,NA,NA,NA,NA,NA,NA,NA
"642764","Phylloscopus","collybita","","Common Chiffchaff","Peter Boesman","Belgium","Mechels Broek, Mechelen, Antwerpen",51.0177,4.516,"song","https://xeno-canto.org/642764/download","//creativecommons.org/licenses/by-nc-nd/4.0/","//xeno-canto.org/642764","A","08:30","2021-04-25","0","XC642764-LS_57650 Tjiftjaf song A.mp3","//xeno-canto.org/sounds/uploaded/OOECIWCSWV/ffts/XC642764-small.png","//xeno-canto.org/sounds/uploaded/OOECIWCSWV/ffts/XC642764-med.png","//xeno-canto.org/sounds/uploaded/OOECIWCSWV/ffts/XC642764-large.png","//xeno-canto.org/sounds/uploaded/OOECIWCSWV/ffts/XC642764-full.png","0:45","2021-04-26","","","unknown","unknown",NA,NA,NA,NA,NA,NA,NA,NA,NA,NA,NA,NA,NA,NA,NA,NA
"642591","Phylloscopus","collybita","tristis","Common Chiffchaff","Jean-Esteban Liberek","Switzerland","Prés de l’Oie (near  Meinier), Genève, Genève",46.2341,6.2369,"song","https://xeno-canto.org/642591/download","//creativecommons.org/licenses/by-nc-sa/4.0/","//xeno-canto.org/642591","A","08:00","2021-04-21","420","XC642591-tristis.mp3","//xeno-canto.org/sounds/uploaded/ILYXGBTTTV/ffts/XC642591-small.png","//xeno-canto.org/sounds/uploaded/ILYXGBTTTV/ffts/XC642591-med.png","//xeno-canto.org/sounds/uploaded/ILYXGBTTTV/ffts/XC642591-large.png","//xeno-canto.org/sounds/uploaded/ILYXGBTTTV/ffts/XC642591-full.png","0:13","2021-04-25","","","yes","no",NA,NA,NA,NA,NA,NA,NA,NA,NA,NA,NA,NA,NA,NA,NA,NA
"638112","Phylloscopus","collybita","","Common Chiffchaff","Jorge Leitão","Portugal","Pinhal da Gelfa (near  Vila Praia de Âncora), Caminha, Viana do Castelo",41.7993,-8.867,"song","https://xeno-canto.org/638112/download","//creativecommons.org/licenses/by-nc-sa/4.0/","//xeno-canto.org/638112","A","11:31","2021-04-09","10","XC638112-2021.04.09_11.31_01felosinha.MP3","//xeno-canto.org/sounds/uploaded/GYAUIPUVNM/ffts/XC638112-small.png","//xeno-canto.org/sounds/uploaded/GYAUIPUVNM/ffts/XC638112-med.png","//xeno-canto.org/sounds/uploaded/GYAUIPUVNM/ffts/XC638112-large.png","//xeno-canto.org/sounds/uploaded/GYAUIPUVNM/ffts/XC638112-full.png","3:32","2021-04-11",NA,"","yes","no","Sylvia atricapilla","Troglodytes troglodytes","Cisticola juncidis","Turdus merula",NA,NA,NA,NA,NA,NA,NA,NA,NA,NA,NA,NA
"638087","Phylloscopus","collybita","","Common Chiffchaff","Jorge Leitão","Portugal","Pinhal da Gelfa (near  Vila Praia de Âncora), Caminha, Viana do Castelo",41.7993,-8.867,"song","https://xeno-canto.org/638087/download","//creativecommons.org/licenses/by-nc-sa/4.0/","//xeno-canto.org/638087","A","11:19","2021-04-09","10","XC638087-Phylloscopus collybita_2021.04.09_11.19_01.mp3","//xeno-canto.org/sounds/uploaded/GYAUIPUVNM/ffts/XC638087-small.png","//xeno-canto.org/sounds/uploaded/GYAUIPUVNM/ffts/XC638087-med.png","//xeno-canto.org/sounds/uploaded/GYAUIPUVNM/ffts/XC638087-large.png","//xeno-canto.org/sounds/uploaded/GYAUIPUVNM/ffts/XC638087-full.png","0:23","2021-04-11","Sylvia melanocephala","","yes","no",NA,NA,NA,NA,NA,NA,NA,NA,NA,NA,NA,NA,NA,NA,NA,NA
"637800","Phylloscopus","collybita","","Common Chiffchaff","Irish Wildlife Sounds","Ireland","Ireland (near  Buttevant), Cork, County Cork",52.2321,-8.6701,"song","https://xeno-canto.org/637800/download","//creativecommons.org/licenses/by-nc-sa/4.0/","//xeno-canto.org/637800","A","9:00","2021-04-05","90","XC637800-Chiffchaff_Calls_Curraglass_050421_A.mp3","//xeno-canto.org/sounds/uploaded/PAEQEUHPFQ/ffts/XC637800-small.png","//xeno-canto.org/sounds/uploaded/PAEQEUHPFQ/ffts/XC637800-med.png","//xeno-canto.org/sounds/uploaded/PAEQEUHPFQ/ffts/XC637800-large.png","//xeno-canto.org/sounds/uploaded/PAEQEUHPFQ/ffts/XC637800-full.png","0:55","2021-04-10","","","yes","no",NA,NA,NA,NA,NA,NA,NA,NA,NA,NA,NA,NA,NA,NA,NA,NA
"637792","Phylloscopus","collybita","","Common Chiffchaff","Irish Wildlife Sounds","Ireland","Ireland (near  Buttevant), Cork, County Cork",52.2321,-8.6701,"song","https://xeno-canto.org/637792/download","//creativecommons.org/licenses/by-nc-sa/4.0/","//xeno-canto.org/637792","A","9:00","2021-04-05","90","XC637792-Chiffchaff_Song_Curraglass_050421_A.mp3","//xeno-canto.org/sounds/uploaded/PAEQEUHPFQ/ffts/XC637792-small.png","//xeno-canto.org/sounds/uploaded/PAEQEUHPFQ/ffts/XC637792-med.png","//xeno-canto.org/sounds/uploaded/PAEQEUHPFQ/ffts/XC637792-large.png","//xeno-canto.org/sounds/uploaded/PAEQEUHPFQ/ffts/XC637792-full.png","1:02","2021-04-10","","","yes","no",NA,NA,NA,NA,NA,NA,NA,NA,NA,NA,NA,NA,NA,NA,NA,NA
"637774","Phylloscopus","collybita","","Common Chiffchaff","Dan Lombard","United Kingdom","Great Britain (near  Wrench Green), North Yorkshire, England",54.2899,-0.5145,"song","https://xeno-canto.org/637774/download","//creativecommons.org/licenses/by-nc-sa/4.0/","//xeno-canto.org/637774","A","08:30","2021-04-10","50","XC637774-Chiffchaff3.mp3","//xeno-canto.org/sounds/uploaded/GOITGNCUBB/ffts/XC637774-small.png","//xeno-canto.org/sounds/uploaded/GOITGNCUBB/ffts/XC637774-med.png","//xeno-canto.org/sounds/uploaded/GOITGNCUBB/ffts/XC637774-large.png","//xeno-canto.org/sounds/uploaded/GOITGNCUBB/ffts/XC637774-full.png","0:06","2021-04-10","","","yes","no",NA,NA,NA,NA,NA,NA,NA,NA,NA,NA,NA,NA,NA,NA,NA,NA
"637773","Phylloscopus","collybita","","Common Chiffchaff","Dan Lombard","United Kingdom","Great Britain (near  Wrench Green), North Yorkshire, England",54.2899,-0.5145,"song","https://xeno-canto.org/637773/download","//creativecommons.org/licenses/by-nc-sa/4.0/","//xeno-canto.org/637773","A","08:30","2021-04-10","50","XC637773-chiffchaff2.mp3","//xeno-canto.org/sounds/uploaded/GOITGNCUBB/ffts/XC637773-small.png","//xeno-canto.org/sounds/uploaded/GOITGNCUBB/ffts/XC637773-med.png","//xeno-canto.org/sounds/uploaded/GOITGNCUBB/ffts/XC637773-large.png","//xeno-canto.org/sounds/uploaded/GOITGNCUBB/ffts/XC637773-full.png","0:18","2021-04-10","","","yes","no",NA,NA,NA,NA,NA,NA,NA,NA,NA,NA,NA,NA,NA,NA,NA,NA
"637772","Phylloscopus","collybita","collybita","Common Chiffchaff","Dan Lombard","United Kingdom","Great Britain (near  Wrench Green), North Yorkshire, England",54.2899,-0.5145,"song","https://xeno-canto.org/637772/download","//creativecommons.org/licenses/by-nc-sa/4.0/","//xeno-canto.org/637772","A","08:00","2021-04-10","50","XC637772-chiffchaff1.mp3","//xeno-canto.org/sounds/uploaded/GOITGNCUBB/ffts/XC637772-small.png","//xeno-canto.org/sounds/uploaded/GOITGNCUBB/ffts/XC637772-med.png","//xeno-canto.org/sounds/uploaded/GOITGNCUBB/ffts/XC637772-large.png","//xeno-canto.org/sounds/uploaded/GOITGNCUBB/ffts/XC637772-full.png","0:06","2021-04-10","","","yes","no",NA,NA,NA,NA,NA,NA,NA,NA,NA,NA,NA,NA,NA,NA,NA,NA
"637771","Phylloscopus","collybita","collybita","Common Chiffchaff","Dan Lombard","United Kingdom","Great Britain (near  Wrench Green), North Yorkshire, England",54.2899,-0.5145,"song","https://xeno-canto.org/637771/download","//creativecommons.org/licenses/by-nc-sa/4.0/","//xeno-canto.org/637771","A","08:00","2021-04-10","50","XC637771-chiffchaff.mp3","//xeno-canto.org/sounds/uploaded/GOITGNCUBB/ffts/XC637771-small.png","//xeno-canto.org/sounds/uploaded/GOITGNCUBB/ffts/XC637771-med.png","//xeno-canto.org/sounds/uploaded/GOITGNCUBB/ffts/XC637771-large.png","//xeno-canto.org/sounds/uploaded/GOITGNCUBB/ffts/XC637771-full.png","0:04","2021-04-10","","","yes","no",NA,NA,NA,NA,NA,NA,NA,NA,NA,NA,NA,NA,NA,NA,NA,NA
